BulbasaurBulbasaurCandy25→IvysaurIvysaurBulbasaurCandy100→VenusaurVenusaur
CharmanderCharmanderCharmanderCandy25→CharmeleonCharmeleonCharmanderCandy100→CharizardCharizard
SquirtleSquirtleSquirtleCandy25→WartortleWartortleSquirtleCandy100→BlastoiseBlastoise
CaterpieCaterpieCaterpieCandy12→MetapodMetapodCaterpieCandy50→ButterfreeButterfree
WeedleWeedleWeedleCandy12→KakunaKakunaWeedleCandy50→BeedrillBeedrill
PidgeyPidgeyPidgeyCandy12→PidgeottoPidgeottoPidgeyCandy50→PidgeotPidgeot
RattataRattataRattataCandy25→RaticateRaticate
RattataRattataRattataCandy25→RaticateRaticate
SpearowSpearowSpearowCandy50→FearowFearow
EkansEkansEkansCandy50→ArbokArbok
PichuPichuPikachuCandy25→PikachuPikachuPikachuCandy50→RaichuRaichu
Notcurrentlypossible→RaichuRaichu
SandshrewSandshrewSandshrewCandy50→SandslashSandslash
SandshrewSandshrewSandshrewCandy50→SandslashSandslash
Nidoran♀Nidoran♀Nidoran♀Candy25→NidorinaNidorinaNidoran♀Candy100→NidoqueenNidoqueen
Nidoran♂Nidoran♂Nidoran♂Candy25→NidorinoNidorinoNidoran♂Candy100→NidokingNidoking
CleffaCleffaClefairyCandy25→ClefairyClefairyClefairyCandy50→ClefableClefable
VulpixVulpixVulpixCandy50→NinetalesNinetales
VulpixVulpixVulpixCandy50→NinetalesNinetales
IgglybuffIgglybuffJigglypuffCandy25→JigglypuffJigglypuffJigglypuffCandy50→WigglytuffWigglytuff
ZubatZubatZubatCandy25*→GolbatGolbatZubatCandy100→CrobatCrobat
OddishOddishOddishCandy25→GloomGloomOddishCandy100→VileplumeVileplume
OddishCandy100+SunStone1→BellossomBellossom
ParasParasParasCandy50→ParasectParasect
VenonatVenonatVenonatCandy50→VenomothVenomoth
DiglettDiglettDiglettCandy50→DugtrioDugtrio
DiglettDiglettDiglettCandy50→DugtrioDugtrio
MeowthMeowthMeowthCandy50→PersianPersian
MeowthMeowthMeowthCandy50→PersianPersian
MeowthMeowthMeowthCandy50→PerrserkerPerrserker
PsyduckPsyduckPsyduckCandy50→GolduckGolduck
MankeyMankeyMankeyCandy50→PrimeapePrimeape
GrowlitheGrowlitheGrowlitheCandy50→ArcanineArcanine
GrowlitheGrowlitheGrowlitheCandy50→ArcanineArcanine
PoliwagPoliwagPoliwagCandy25→PoliwhirlPoliwhirlPoliwagCandy100→PoliwrathPoliwrath
PoliwagCandy100+King'sRock1→PolitoedPolitoed
AbraAbraAbraCandy25→KadabraKadabraAbraCandy100orTradeEvolution→AlakazamAlakazam
MachopMachopMachopCandy25→MachokeMachokeMachopCandy100orTradeEvolution→MachampMachamp
BellsproutBellsproutBellsproutCandy25→WeepinbellWeepinbellBellsproutCandy100→VictreebelVictreebel
TentacoolTentacoolTentacoolCandy50→TentacruelTentacruel
GeodudeGeodudeGeodudeCandy25→GravelerGravelerGeodudeCandy100orTradeEvolution→GolemGolem
GeodudeGeodudeGeodudeCandy25→GravelerGravelerGeodudeCandy100orTradeEvolution→GolemGolem
PonytaPonytaPonytaCandy50→RapidashRapidash
PonytaPonytaPonytaCandy50→RapidashRapidash
SlowpokeSlowpokeSlowpokeCandy50→SlowbroSlowbro
SlowpokeCandy50+King'sRock1→SlowkingSlowking
SlowpokeSlowpokeSlowpokeCandy50+GOBuddyicon.pngCatch30Poison-typePokémon→SlowbroSlowbro
SlowpokeCandy50+GOBuddyicon.pngCatch30Psychic-typePokémon→SlowkingSlowking
MagnemiteMagnemiteMagnemiteCandy25*→MagnetonMagnetonMagnemiteCandy100+MagneticLureModule→MagnezoneMagnezone
Farfetch'dFarfetch'd
Farfetch'dFarfetch'dFarfetch'dCandy50+GOBuddyicon.pngMake10ExcellentThrows→Sirfetch'dSirfetch'd
DoduoDoduoDoduoCandy50→DodrioDodrio
SeelSeelSeelCandy50→DewgongDewgong
GrimerGrimerGrimerCandy50→MukMuk
GrimerGrimerGrimerCandy50→MukMuk
ShellderShellderShellderCandy50→CloysterCloyster
GastlyGastlyGastlyCandy25→HaunterHaunterGastlyCandy100orTradeEvolution→GengarGengar
OnixOnixOnixCandy50+MetalCoat1→SteelixSteelix
DrowzeeDrowzeeDrowzeeCandy50→HypnoHypno
KrabbyKrabbyKrabbyCandy50→KinglerKingler
VoltorbVoltorbVoltorbCandy50→ElectrodeElectrode
VoltorbVoltorbVoltorbCandy50→ElectrodeElectrode
ExeggcuteExeggcuteExeggcuteCandy50→ExeggutorExeggutor
ExeggcuteCandy50*→ExeggutorExeggutor
CuboneCuboneCuboneCandy50→MarowakMarowak
CuboneCandy50*→MarowakMarowak
TyrogueTyrogueTyrogueCandy25(ifAttackIVishighest)→HitmonleeHitmonlee
TyrogueCandy25(ifDefenseIVishighest)→HitmonchanHitmonchan
TyrogueCandy25(ifHPIVishighest)→HitmontopHitmontop
LickitungLickitungLickitungCandy100+SinnohStone1→LickilickyLickilicky
KoffingKoffingKoffingCandy50→WeezingWeezing
Notcurrentlypossible→WeezingWeezing
RhyhornRhyhornRhyhornCandy25*→RhydonRhydonRhyhornCandy100+SinnohStone1→RhyperiorRhyperior
HappinyHappinyChanseyCandy25+GOBuddyicon.png15km→ChanseyChanseyChanseyCandy50→BlisseyBlissey
TangelaTangelaTangelaCandy100+SinnohStone1→TangrowthTangrowth
KangaskhanKangaskhan
HorseaHorseaHorseaCandy25*→SeadraSeadraHorseaCandy100+DragonScale1→KingdraKingdra
GoldeenGoldeenGoldeenCandy50→SeakingSeaking
StaryuStaryuStaryuCandy50→StarmieStarmie
MimeJr.MimeJr.Mr.MimeCandy50+GOBuddyicon.png15km→Mr.MimeMr.Mime
Notcurrentlypossible→Mr.MimeMr.MimeMr.MimeCandy50→Mr.RimeMr.Rime
ScytherScytherScytherCandy50+MetalCoat1→ScizorScizor
SmoochumSmoochumJynxCandy25→JynxJynx
ElekidElekidElectabuzzCandy25→ElectabuzzElectabuzzElectabuzzCandy100+SinnohStone1→ElectivireElectivire
MagbyMagbyMagmarCandy25→MagmarMagmarMagmarCandy100+SinnohStone1→MagmortarMagmortar
PinsirPinsir
TaurosTauros
MagikarpMagikarpMagikarpCandy400→GyaradosGyarados
LaprasLapras
DittoDitto
EeveeEeveeEeveeCandy25(Random)
Onetimeonly:ifitsnicknameis"Rainer"→VaporeonVaporeon
EeveeCandy25(Random)
Onetimeonly:ifitsnicknameis"Sparky"→JolteonJolteon
EeveeCandy25(Random)
Onetimeonly:ifitsnicknameis"Pyro"→FlareonFlareon
EeveeCandy25+Daymode+GOBuddyicon.png10km
Onetimeonly:ifitsnicknameis"Sakura"→EspeonEspeon
EeveeCandy25+Nightmode+GOBuddyicon.png10km
Onetimeonly:ifitsnicknameis"Tamao"→UmbreonUmbreon
EeveeCandy25+MossyLureModule
Onetimeonly:ifitsnicknameis"Linnea"→LeafeonLeafeon
EeveeCandy25+GlacialLureModule
Onetimeonly:ifitsnicknameis"Rea"→GlaceonGlaceon
EeveeCandy25+GOHeartDouble.png70+GOBuddyicon.png
Onetimeonly:ifitsnicknameis"Kira"→SylveonSylveon

PorygonPorygonPorygonCandy25*+Upgrade1→Porygon2Porygon2PorygonCandy100+SinnohStone1→Porygon-ZPorygon-Z
OmanyteOmanyteOmanyteCandy50→OmastarOmastar
KabutoKabutoKabutoCandy50→KabutopsKabutops
AerodactylAerodactyl
MunchlaxMunchlaxSnorlaxCandy50→SnorlaxSnorlax
ArticunoArticuno
ArticunoArticuno
ZapdosZapdos
ZapdosZapdos
MoltresMoltres
MoltresMoltres
DratiniDratiniDratiniCandy25→DragonairDragonairDratiniCandy100→DragoniteDragonite
MewtwoMewtwo
MewMew

Johto-basedevolutionfamilies
ChikoritaChikoritaChikoritaCandy25→BayleefBayleefChikoritaCandy100→MeganiumMeganium
CyndaquilCyndaquilCyndaquilCandy25→QuilavaQuilavaCyndaquilCandy100→TyphlosionTyphlosion
TotodileTotodileTotodileCandy25→CroconawCroconawTotodileCandy100→FeraligatrFeraligatr
SentretSentretSentretCandy25→FurretFurret
HoothootHoothootHoothootCandy50→NoctowlNoctowl
LedybaLedybaLedybaCandy25→LedianLedian
SpinarakSpinarakSpinarakCandy50→AriadosAriados
ChinchouChinchouChinchouCandy50→LanturnLanturn
TogepiTogepiTogepiCandy25*→TogeticTogeticTogepiCandy100+SinnohStone1→TogekissTogekiss
NatuNatuNatuCandy50→XatuXatu
MareepMareepMareepCandy25→FlaaffyFlaaffyMareepCandy100→AmpharosAmpharos
AzurillAzurillMarillCandy25→MarillMarillMarillCandy25→AzumarillAzumarill
BonslyBonslySudowoodoCandy50+GOBuddyicon.png15km→SudowoodoSudowoodo
HoppipHoppipHoppipCandy25→SkiploomSkiploomHoppipCandy100→JumpluffJumpluff
AipomAipomAipomCandy100+SinnohStone1→AmbipomAmbipom
SunkernSunkernSunkernCandy50+SunStone1→SunfloraSunflora
YanmaYanmaYanmaCandy100+SinnohStone1→YanmegaYanmega
WooperWooperWooperCandy50→QuagsireQuagsire
MurkrowMurkrowMurkrowCandy100+SinnohStone1→HonchkrowHonchkrow
MisdreavusMisdreavusMisdreavusCandy100+SinnohStone1→MismagiusMismagius
Unown
UnownUnownAUnownUnownKUnownUnownU
UnownUnownBUnownUnownLUnownUnownV
UnownUnownCUnownUnownMUnownUnownW
UnownUnownDUnownUnownNUnownUnownX
UnownUnownEUnownUnownOUnownUnownY
UnownUnownFUnownUnownPUnownUnownZ
UnownUnownGUnownUnownQUnownUnown!
UnownUnownHUnownUnownRUnownUnown?
UnownUnownIUnownUnownS
UnownUnownJUnownUnownT
WynautWynautWobbuffetCandy25→WobbuffetWobbuffet
GirafarigGirafarig
PinecoPinecoPinecoCandy50→ForretressForretress
DunsparceDunsparce
GligarGligarGligarCandy100+SinnohStone1→GliscorGliscor
SnubbullSnubbullSnubbullCandy50→GranbullGranbull
QwilfishQwilfish
QwilfishQwilfishQwilfishCandy50+GOBuddyicon.pngWin10raids→OverqwilOverqwil
ShuckleShuckle
HeracrossHeracross
SneaselSneaselSneaselCandy100+SinnohStone1→WeavileWeavile
SneaselSneaselSneaselCandy100+Daymode+GOBuddyicon.png7km→SneaslerSneasler
TeddiursaTeddiursaTeddiursaCandy50→UrsaringUrsaringTeddiursaCandy100duringafullmoon→UrsalunaUrsaluna
SlugmaSlugmaSlugmaCandy50→MagcargoMagcargo
SwinubSwinubSwinubCandy25*→PiloswinePiloswineSwinubCandy100+SinnohStone1→MamoswineMamoswine
CorsolaCorsola
RemoraidRemoraidRemoraidCandy50→OctilleryOctillery
DelibirdDelibird
MantykeMantykeMantineCandy50→MantineMantine
SkarmorySkarmory
HoundourHoundourHoundourCandy50→HoundoomHoundoom
PhanpyPhanpyPhanpyCandy50→DonphanDonphan
StantlerStantler
SmeargleSmeargle
MiltankMiltank
RaikouRaikou
EnteiEntei
SuicuneSuicune
LarvitarLarvitarLarvitarCandy25→PupitarPupitarLarvitarCandy100→TyranitarTyranitar
LugiaLugia
Ho-OhHo-Oh
CelebiCelebi


Hoenn-basedevolutionfamilies
TreeckoTreeckoTreeckoCandy25→GrovyleGrovyleTreeckoCandy100→SceptileSceptile
TorchicTorchicTorchicCandy25→CombuskenCombuskenTorchicCandy100→BlazikenBlaziken
MudkipMudkipMudkipCandy25→MarshtompMarshtompMudkipCandy100→SwampertSwampert
PoochyenaPoochyenaPoochyenaCandy50→MightyenaMightyena
ZigzagoonZigzagoonZigzagoonCandy50→LinooneLinoone
ZigzagoonZigzagoonZigzagoonCandy25→LinooneLinooneZigzagoonCandy100→ObstagoonObstagoon
WurmpleWurmpleWurmpleCandy12(Random)→SilcoonSilcoonWurmpleCandy50→BeautiflyBeautifly
WurmpleCandy12(Random)→CascoonCascoonWurmpleCandy50→DustoxDustox
LotadLotadLotadCandy25→LombreLombreLotadCandy100→LudicoloLudicolo
SeedotSeedotSeedotCandy25→NuzleafNuzleafSeedotCandy100→ShiftryShiftry
TaillowTaillowTaillowCandy50→SwellowSwellow
WingullWingullWingullCandy50→PelipperPelipper
RaltsRaltsRaltsCandy25→KirliaKirliaRaltsCandy100→GardevoirGardevoir
RaltsCandy100+SinnohStone1(♂)→GalladeGallade
SurskitSurskitSurskitCandy50→MasquerainMasquerain
ShroomishShroomishShroomishCandy50→BreloomBreloom
SlakothSlakothSlakothCandy25→VigorothVigorothSlakothCandy100→SlakingSlaking
NincadaNincadaNincadaCandy50→NinjaskNinjask
Notcurrentlypossible→ShedinjaShedinja
WhismurWhismurWhismurCandy12→LoudredLoudredWhismurCandy50→ExploudExploud
MakuhitaMakuhitaMakuhitaCandy50→HariyamaHariyama
NosepassNosepassNosepassCandy50+MagneticLureModule→ProbopassProbopass
SkittySkittySkittyCandy50→DelcattyDelcatty
SableyeSableye
MawileMawile
AronAronAronCandy25→LaironLaironAronCandy100→AggronAggron
MedititeMedititeMedititeCandy50→MedichamMedicham
ElectrikeElectrikeElectrikeCandy50→ManectricManectric
PluslePlusle
MinunMinun
VolbeatVolbeat
IllumiseIllumise
BudewBudewRoseliaCandy25→RoseliaRoseliaRoseliaCandy100+SinnohStone1→RoseradeRoserade
GulpinGulpinGulpinCandy50→SwalotSwalot
CarvanhaCarvanhaCarvanhaCandy50→SharpedoSharpedo
WailmerWailmerWailmerCandy400→WailordWailord
NumelNumelNumelCandy50→CameruptCamerupt
TorkoalTorkoal
SpoinkSpoinkSpoinkCandy50→GrumpigGrumpig
SpindaSpinda
TrapinchTrapinchTrapinchCandy25→VibravaVibravaTrapinchCandy100→FlygonFlygon
CacneaCacneaCacneaCandy50→CacturneCacturne
SwabluSwabluSwabluCandy400→AltariaAltaria
ZangooseZangoose
SeviperSeviper
LunatoneLunatone
SolrockSolrock
BarboachBarboachBarboachCandy50→WhiscashWhiscash
CorphishCorphishCorphishCandy50→CrawdauntCrawdaunt
BaltoyBaltoyBaltoyCandy50→ClaydolClaydol
LileepLileepLileepCandy50→CradilyCradily
AnorithAnorithAnorithCandy50→ArmaldoArmaldo
FeebasFeebasFeebasCandy100+GOBuddyicon.png20km→MiloticMilotic
CastformCastformNormal
CastformCastformSunnyForm
CastformCastformRainyForm
CastformCastformSnowyForm
KecleonKecleon
ShuppetShuppetShuppetCandy50→BanetteBanette
DuskullDuskullDuskullCandy25*→DusclopsDusclopsDuskullCandy100+SinnohStone1→DusknoirDusknoir
TropiusTropius
ChinglingChinglingChimechoCandy50→ChimechoChimecho
AbsolAbsol
SnoruntSnoruntSnoruntCandy100*→GlalieGlalie
SnoruntCandy100+SinnohStone1(♀)→FroslassFroslass
SphealSphealSphealCandy25→SealeoSealeoSphealCandy100→WalreinWalrein
ClamperlClamperlClamperlCandy50(Random)→HuntailHuntail
ClamperlCandy50(Random)→GorebyssGorebyss
RelicanthRelicanth
LuvdiscLuvdisc
BagonBagonBagonCandy25→ShelgonShelgonBagonCandy100→SalamenceSalamence
BeldumBeldumBeldumCandy25→MetangMetangBeldumCandy100→MetagrossMetagross
RegirockRegirock
RegiceRegice
RegisteelRegisteel
LatiasLatias
LatiosLatios
KyogreKyogre
GroudonGroudon
RayquazaRayquaza
JirachiJirachi
DeoxysDeoxysNormalForme
DeoxysDeoxysAttackForme
DeoxysDeoxysDefenseForme
DeoxysDeoxysSpeedForme


Sinnoh-basedevolutionfamilies
TurtwigTurtwigTurtwigCandy25→GrotleGrotleTurtwigCandy100→TorterraTorterra
ChimcharChimcharChimcharCandy25→MonfernoMonfernoChimcharCandy100→InfernapeInfernape
PiplupPiplupPiplupCandy25→PrinplupPrinplupPiplupCandy100→EmpoleonEmpoleon
StarlyStarlyStarlyCandy25→StaraviaStaraviaStarlyCandy100→StaraptorStaraptor
BidoofBidoofBidoofCandy50→BibarelBibarel
KricketotKricketotKricketotCandy50→KricketuneKricketune
ShinxShinxShinxCandy25→LuxioLuxioShinxCandy100→LuxrayLuxray
CranidosCranidosCranidosCandy50→RampardosRampardos
ShieldonShieldonShieldonCandy50→BastiodonBastiodon
BurmyBurmyBurmyCandy50(PlantCloak♀)→WormadamWormadam
BurmyCandy50(SandyCloak♀)→WormadamWormadam
BurmyCandy50(TrashCloak♀)→WormadamWormadam
BurmyCandy50(♂)→MothimMothim
CombeeCombeeCombeeCandy50(♀)→VespiquenVespiquen
PachirisuPachirisu
BuizelBuizelBuizelCandy50→FloatzelFloatzel
CherubiCherubiCherubiCandy50(Random)→CherrimCherrim
CherubiCandy50(Random)→CherrimCherrim
ShellosShellosShellosCandy50→GastrodonGastrodon
DrifloonDrifloonDrifloonCandy50→DrifblimDrifblim
BunearyBunearyBunearyCandy50→LopunnyLopunny
GlameowGlameowGlameowCandy50→PuruglyPurugly
StunkyStunkyStunkyCandy50→SkuntankSkuntank
BronzorBronzorBronzorCandy50→BronzongBronzong
ChatotChatot
SpiritombSpiritomb
GibleGibleGibleCandy25→GabiteGabiteGibleCandy100→GarchompGarchomp
RioluRioluLucarioCandy50→LucarioLucario
HippopotasHippopotasHippopotasCandy50→HippowdonHippowdon
SkorupiSkorupiSkorupiCandy50→DrapionDrapion
CroagunkCroagunkCroagunkCandy50→ToxicroakToxicroak
CarnivineCarnivine
FinneonFinneonFinneonCandy50→LumineonLumineon
SnoverSnoverSnoverCandy50→AbomasnowAbomasnow
RotomRotomWashRotom
RotomRotomMowRotom
UxieUxie
MespritMesprit
AzelfAzelf
DialgaDialga
PalkiaPalkia
HeatranHeatran
RegigigasRegigigas
GiratinaGiratinaAlteredForme
GiratinaGiratinaOriginForme
CresseliaCresselia
DarkraiDarkrai
ShayminShayminLandForme
ShayminShayminSkyForme


Unova-basedevolutionfamilies
VictiniVictini
SnivySnivySnivyCandy25→ServineServineSnivyCandy100→SerperiorSerperior
TepigTepigTepigCandy25→PignitePigniteTepigCandy100→EmboarEmboar
OshawottOshawottOshawottCandy25→DewottDewottOshawottCandy100→SamurottSamurott
PatratPatratPatratCandy50→WatchogWatchog
LillipupLillipupLillipupCandy25→HerdierHerdierLillipupCandy100→StoutlandStoutland
PurrloinPurrloinPurrloinCandy50→LiepardLiepard
PansagePansagePansageCandy50+UnovaStone1→SimisageSimisage
PansearPansearPansearCandy50+UnovaStone1→SimisearSimisear
PanpourPanpourPanpourCandy50+UnovaStone1→SimipourSimipour
MunnaMunnaMunnaCandy50+UnovaStone1→MusharnaMusharna
PidovePidovePidoveCandy12→TranquillTranquillPidoveCandy50→UnfezantUnfezant
BlitzleBlitzleBlitzleCandy50→ZebstrikaZebstrika
RoggenrolaRoggenrolaRoggenrolaCandy50→BoldoreBoldoreRoggenrolaCandy200orTradeEvolution→GigalithGigalith
WoobatWoobatWoobatCandy50+GOBuddyicon.png1km→SwoobatSwoobat
DrilburDrilburDrilburCandy50→ExcadrillExcadrill
AudinoAudino
TimburrTimburrTimburrCandy50→GurdurrGurdurrTimburrCandy200orTradeEvolution→ConkeldurrConkeldurr
TympoleTympoleTympoleCandy25→PalpitoadPalpitoadTympoleCandy100→SeismitoadSeismitoad
ThrohThroh
SawkSawk
SewaddleSewaddleSewaddleCandy25→SwadloonSwadloonSewaddleCandy100→LeavannyLeavanny
VenipedeVenipedeVenipedeCandy25→WhirlipedeWhirlipedeVenipedeCandy100→ScolipedeScolipede
CottoneeCottoneeCottoneeCandy50+SunStone1→WhimsicottWhimsicott
PetililPetililPetililCandy50+SunStone1→LilligantLilligant
BasculinBasculinRed-StripedForm
BasculinBasculinBlue-StripedForm
SandileSandileSandileCandy25→KrokorokKrokorokSandileCandy100→KrookodileKrookodile
DarumakaDarumakaDarumakaCandy50→DarmanitanDarmanitan
Notcurrentlypossible→DarmanitanDarmanitan
DarumakaDarumakaDarumakaCandy50→DarmanitanDarmanitan
Notcurrentlypossible→DarmanitanDarmanitan
MaractusMaractus
DwebbleDwebbleDwebbleCandy50→CrustleCrustle
ScraggyScraggyScraggyCandy50→ScraftyScrafty
SigilyphSigilyph
YamaskYamaskYamaskCandy50→CofagrigusCofagrigus
YamaskYamaskYamaskCandy50+GOBuddyicon.pngWin10raids→RunerigusRunerigus
TirtougaTirtougaTirtougaCandy50→CarracostaCarracosta
ArchenArchenArchenCandy50→ArcheopsArcheops
TrubbishTrubbishTrubbishCandy50→GarbodorGarbodor
ZoruaZoruaZoruaCandy50→ZoroarkZoroark
MinccinoMinccinoMinccinoCandy50+UnovaStone1→CinccinoCinccino
GothitaGothitaGothitaCandy25→GothoritaGothoritaGothitaCandy100→GothitelleGothitelle
SolosisSolosisSolosisCandy25→DuosionDuosionSolosisCandy100→ReuniclusReuniclus
DucklettDucklettDucklettCandy50→SwannaSwanna
VanilliteVanilliteVanilliteCandy25→VanillishVanillishVanilliteCandy100→VanilluxeVanilluxe
DeerlingDeerlingDeerlingCandy50→SawsbuckSawsbuck
EmolgaEmolga
KarrablastKarrablastKarrablastCandy200orTradeEvolution→EscavalierEscavalier
FoongusFoongusFoongusCandy50→AmoongussAmoonguss
FrillishFrillishFrillishCandy50→JellicentJellicent
AlomomolaAlomomola
JoltikJoltikJoltikCandy50→GalvantulaGalvantula
FerroseedFerroseedFerroseedCandy50→FerrothornFerrothorn
KlinkKlinkKlinkCandy25→KlangKlangKlinkCandy100→KlinklangKlinklang
TynamoTynamoTynamoCandy25→EelektrikEelektrikTynamoCandy100+UnovaStone1→EelektrossEelektross
ElgyemElgyemElgyemCandy50→BeheeyemBeheeyem
LitwickLitwickLitwickCandy25→LampentLampentLitwickCandy100+UnovaStone1→ChandelureChandelure
AxewAxewAxewCandy25→FraxureFraxureAxewCandy100→HaxorusHaxorus
CubchooCubchooCubchooCandy50→BearticBeartic
CryogonalCryogonal
ShelmetShelmetShelmetCandy200orTradeEvolution→AccelgorAccelgor
StunfiskStunfisk
StunfiskStunfisk
MienfooMienfooMienfooCandy50→MienshaoMienshao
DruddigonDruddigon
GolettGolettGolettCandy50→GolurkGolurk
PawniardPawniardPawniardCandy50→BisharpBisharp
BouffalantBouffalant
RuffletRuffletRuffletCandy50→BraviaryBraviary
Notcurrentlypossible→BraviaryBraviary
VullabyVullabyVullabyCandy50→MandibuzzMandibuzz
HeatmorHeatmor
DurantDurant
DeinoDeinoDeinoCandy25→ZweilousZweilousDeinoCandy100→HydreigonHydreigon
CobalionCobalion
TerrakionTerrakion
VirizionVirizion
TornadusTornadusIncarnateForme
TornadusTornadusTherianForme
ThundurusThundurusIncarnateForme
ThundurusThundurusTherianForme
ReshiramReshiram
ZekromZekrom
LandorusLandorusIncarnateForme
LandorusLandorusTherianForme
KyuremKyurem
MeloettaMeloettaAriaForme
GenesectGenesect
GenesectGenesectShockDriveShockDrive
GenesectGenesectBurnDriveBurnDrive
GenesectGenesectChillDriveChillDrive
GenesectGenesectDouseDriveDouseDrive


Kalos-basedevolutionfamilies
ChespinChespinChespinCandy25→QuilladinQuilladinChespinCandy100→ChesnaughtChesnaught
FennekinFennekinFennekinCandy25→BraixenBraixenFennekinCandy100→DelphoxDelphox
FroakieFroakieFroakieCandy25→FrogadierFrogadierFroakieCandy100→GreninjaGreninja
BunnelbyBunnelbyBunnelbyCandy50→DiggersbyDiggersby
FletchlingFletchlingFletchlingCandy25→FletchinderFletchinderFletchlingCandy100→TalonflameTalonflame
ScatterbugScatterbugScatterbugCandy25→SpewpaSpewpaScatterbugCandy100→VivillonVivillon
LitleoLitleoLitleoCandy50→PyroarPyroar
FlabébéFlabébéFlabébéCandy25→FloetteFloetteFlabébéCandy100+GOHeartDouble.png20→FlorgesFlorges
PanchamPanchamPanchamCandy50+GOBuddyicon.pngCatch32Dark-typePokémon→PangoroPangoro
FurfrouFurfrou
EspurrEspurrEspurrCandy50→MeowsticMeowstic
SpritzeeSpritzeeSpritzeeCandy50+GOBuddyicon.pngUseanIncense→AromatisseAromatisse
SwirlixSwirlixSwirlixCandy50+GOBuddyicon.pngGiveyourbuddy25treats→SlurpuffSlurpuff
InkayInkayInkayCandy50withmobiledeviceheldupside-down→MalamarMalamar
BinacleBinacleBinacleCandy50→BarbaracleBarbaracle
SkrelpSkrelpSkrelpCandy50→DragalgeDragalge
ClauncherClauncherClauncherCandy50→ClawitzerClawitzer
HelioptileHelioptileHelioptileCandy50+SunStone1→HelioliskHeliolisk
TyruntTyruntTyruntCandy50+Daymode→TyrantrumTyrantrum
AmauraAmauraAmauraCandy50+Nightmode→AurorusAurorus
DedenneDedenne
GoomyGoomyGoomyCandy25→SliggooSliggooGoomyCandy100+RainyLureModuleorRain→GoodraGoodra
KlefkiKlefki
PhantumpPhantumpPhantumpCandy200orTradeEvolution→TrevenantTrevenant
PumpkabooPumpkabooPumpkabooCandy200orTradeEvolution→GourgeistGourgeist
BergmiteBergmiteBergmiteCandy50→AvaluggAvalugg
NoibatNoibatNoibatCandy400→NoivernNoivern
XerneasXerneas
YveltalYveltal
HoopaHoopaConfined
HoopaHoopaUnbound


Alola-basedevolutionfamilies
RowletRowletRowletCandy25→DartrixDartrixRowletCandy100→DecidueyeDecidueye
LittenLittenLittenCandy25→TorracatTorracatLittenCandy100→IncineroarIncineroar
PopplioPopplioPopplioCandy25→BrionneBrionnePopplioCandy100→PrimarinaPrimarina
PikipekPikipekPikipekCandy25→TrumbeakTrumbeakPikipekCandy100→ToucannonToucannon
YungoosYungoosYungoosCandy50+Daymode→GumshoosGumshoos
GrubbinGrubbinGrubbinCandy25→CharjabugCharjabugGrubbinCandy100+MagneticLureModule→VikavoltVikavolt
CrabrawlerCrabrawlerCrabrawlerCandy50+GlacialLureModule→CrabominableCrabominable
OricorioOricorioBaileStyle
OricorioOricorioPom-PomStyle
OricorioOricorioPa'uStyle
OricorioOricorioSensuStyle
RockruffRockruffRockruffCandy50+Daymode→LycanrocLycanroc
RockruffCandy50+Nightmode→LycanrocLycanroc
MareanieMareanieMareanieCandy50→ToxapexToxapex
DewpiderDewpiderDewpiderCandy50→AraquanidAraquanid
FomantisFomantisFomantisCandy50+Daymode→LurantisLurantis
MorelullMorelullMorelullCandy50→ShiinoticShiinotic
SalanditSalanditSalanditCandy50(♀)→SalazzleSalazzle
StuffulStuffulStuffulCandy400→BewearBewear
ComfeyComfey
OranguruOranguru
WimpodWimpodWimpodCandy400→GolisopodGolisopod
TogedemaruTogedemaru
Jangmo-oJangmo-oJangmo-oCandy25→Hakamo-oHakamo-oJangmo-oCandy100→Kommo-oKommo-o
TapuKokoTapuKoko
TapuLeleTapuLele
TapuBuluTapuBulu
TapuFiniTapuFini
CosmogCosmogCosmogCandy25→CosmoemCosmoemCosmogCandy100+Daymode→SolgaleoSolgaleo
CosmogCandy100+Nightmode→LunalaLunala
NihilegoNihilego
BuzzwoleBuzzwole
PheromosaPheromosa
XurkitreeXurkitree
CelesteelaCelesteela
KartanaKartana
GuzzlordGuzzlord


Galar-basedevolutionfamilies
SkwovetSkwovetSkwovetCandy50→GreedentGreedent
WoolooWoolooWoolooCandy50→DubwoolDubwool
FalinksFalinks
ZacianZacian
ZamazentaZamazenta
ZarudeZarude

Otherevolutionfamilies
MeltanMeltanMeltanCandy400→MelmetalMelmetal
